PostId,time,timestamp,comments,shares,likes,ranking
1,2023-05-14T14:40:35.000Z,1684075235,145,44,60,1
2,2023-05-13T14:45:57.000Z,1683989157,444,209,24,1
3,2023-05-10T16:09:16.000Z,1683734956,636,295,67,0
4,2023-05-10T13:56:38.000Z,1683726998,48,79,23,1
5,2023-05-09T17:48:03.000Z,1683654483,795,350,39,0
6,2023-05-08T16:44:55.000Z,1683564295,1993,582,57,0
7,2023-05-05T09:25:53.000Z,1683278753,1459,369,42,0
8,2023-05-04T11:24:28.000Z,1683199468,1898,443,43,1
9,2023-05-03T15:56:53.000Z,1683129413,1956,446,27,0
10,2023-05-01T14:26:03.000Z,1682951163,5380,1022,50,1
11,2023-04-30T15:18:51.000Z,1682867931,2115,430,18,1
12,2023-04-29T15:52:21.000Z,1682783541,821,205,28,1
13,2023-04-27T15:00:48.000Z,1682607648,1651,378,38,1
14,2023-04-24T18:34:22.000Z,1682361262,4897,797,15,1
15,2023-04-18T19:47:24.000Z,1681847244,1408,354,4,1
16,2023-04-18T12:18:30.000Z,1681820310,1509,328,7,1
17,2023-04-15T12:38:30.000Z,1681562310,763,193,2,1
18,2023-04-12T20:19:09.000Z,1681330749,101,80,4,1
19,2023-04-09T19:32:00.000Z,1681068720,629,189,1,1
20,2023-04-06T11:39:32.000Z,1680781172,2884,569,30,1
